Workbook

Sheet Báo cáo
A1: BÁO CÁO KẾT QUẢ THỬ NGHIỆM SO SÁNH: TRADITIONAL (CODE THÔ) VS GRAPH-BASED (CFG)
A3: Hạng mục Đánh giá (Metrics) | B3: Đơn vị | C3: Phương pháp Code Thô (Traditional) | D3: Phương pháp Đồ thị (CFG) | E3: Chênh lệch (Delta) | F3: % Tối ưu / Tăng trưởng | G3: Ghi chú & Nhận xét
A4: Độ bao phủ trung bình (Average Total Coverage) | B4: % | C4: =AVERAGEIFS(Run!H:H,Run!D:D,"Traditional") -> 0.0045767852 | D4: =AVERAGEIFS(Run!H:H,Run!D:D,"Graph-based (CFG)") -> 0.0039702233 | E4: =D4-C4 -> -0.0006065619 | F4: =IF(C4=0,0,(D4-C4)/C4) -> -0.13253012 | G4: Chỉ số từ API assess-from-response
A5: Độ bao phủ theo Workflow (Coverage Workflow/Global) | B5: % | C5: =AVERAGEIFS(Run!H:H,Run!D:D,"Traditional") -> 0.0045767852 | D5: =AVERAGEIFS(Run!H:H,Run!D:D,"Graph-based (CFG)") -> 0.0039702233 | E5: =D5-C5 -> -0.0006065619 | F5: =IF(C5=0,0,(D5-C5)/C5) -> -0.13253012 | G5: Tỷ lệ nút workflow được chạm đến
A6: Độ chính xác trung bình (Average Accuracy Rate) | B6: % | C6: =AVERAGEIFS(Run!K:K,Run!D:D,"Traditional") -> 1 | D6: =AVERAGEIFS(Run!K:K,Run!D:D,"Graph-based (CFG)") -> 1 | E6: =D6-C6 -> 0 | F6: =IF(C6=0,0,(D6-C6)/C6) -> 0 | G6: Chỉ số từ API assess-accuracy
A7: Thời gian sinh câu hỏi trung bình (Avg Gen Time) | B7: ms | C7: =AVERAGEIFS(Run!E:E,Run!D:D,"Traditional") -> 7014.3333 | D7: =AVERAGEIFS(Run!E:E,Run!D:D,"Graph-based (CFG)") -> 7131.6667 | E7: =D7-C7 -> 117.33333 | F7: =IF(C7=0,0,(D7-C7)/C7) -> 0.016727653 | G7: Thời gian Postman nhận Response
A8: Tổng Token đầu vào (Total Input Tokens) | B8: tokens | C8: =SUMIFS(Run!F:F,Run!D:D,"Traditional") -> 179475 | D8: =SUMIFS(Run!F:F,Run!D:D,"Graph-based (CFG)") -> 110980 | E8: =D8-C8 -> -68495 | F8: =IF(C8=0,0,(D8-C8)/C8) -> -0.3816409 | G8: Token truyền vào Gemini AI
A9: Tổng Token đầu ra (Total Output Tokens) | B9: tokens | C9: =SUMIFS(Run!G:G,Run!D:D,"Traditional") -> 13435 | D9: =SUMIFS(Run!G:G,Run!D:D,"Graph-based (CFG)") -> 14270 | E9: =D9-C9 -> 835 | F9: =IF(C9=0,0,(D9-C9)/C9) -> 0.062151098 | G9: Token Gemini AI phản hồi
A10: Số câu hỏi hợp lệ / Đúng logic | B10: câu | C10: =COUNTIFS(Run!D:D,"Traditional",Run!J:J,"Đúng") -> 15 | D10: =COUNTIFS(Run!D:D,"Graph-based (CFG)",Run!J:J,"Đúng") -> 15 | E10: =D10-C10 -> 0 | F10: =IF(C10=0,0,(D10-C10)/C10) -> 0 | G10: Số câu không vi phạm logic code
A11: Độ phức tạp Cyclomatic Avg (Số cạnh active) | B11: cạnh | C11: =AVERAGEIFS(Run!L:L,Run!D:D,"Traditional") -> 1 | D11: =AVERAGEIFS(Run!L:L,Run!D:D,"Graph-based (CFG)") -> 1 | E11: =D11-C11 -> 0 | F11: =IF(C11=0,0,(D11-C11)/C11) -> 0 | G11: Chỉ số từ API assess-difficulty

Sheet Run
A3: STT Câu | B3: RUN_ID | C3: Tên Business | D3: Phương pháp | E3: Thời gian gen | F3: Input Tokens | G3: Output Tokens | H3: Coverage (%) | I3: Active Node Count | J3: Accuracy | K3: Accuracy Rate | L3: Cyclomatic
A4: 1 | B4: RUN_0409_1150_TRAD | C4: Tính năng đăng nhập | D4: Traditional | E4: 5596 | F4: 11453 | G4: 909 | H4: 0.0041356493 | I4: 5 | J4: Đúng | K4: 1 | L4: 1
A5: 2 | B5: RUN_0409_1150_TRAD | C5: Tính năng đăng nhập | D5: Traditional | E5: 5596 | F5: 11453 | G5: 909 | H5: 0.005789909 | I5: 7 | J5: Đúng | K5: 1 | L5: 1
A6: 3 | B6: RUN_0409_1150_TRAD | C6: Tính năng đăng nhập | D6: Traditional | E6: 5596 | F6: 11453 | G6: 909 | H6: 0.0041356493 | I6: 5 | J6: Đúng | K6: 1 | L6: 1
A7: 4 | B7: RUN_0409_1150_TRAD | C7: Tính năng đăng nhập | D7: Traditional | E7: 5596 | F7: 11453 | G7: 909 | H7: 0.0041356493 | I7: 5 | J7: Đúng | K7: 1 | L7: 1
A8: 5 | B8: RUN_0409_1150_TRAD | C8: Tính năng đăng nhập | D8: Traditional | E8: 5596 | F8: 11453 | G8: 909 | H8: 0.0041356493 | I8: 5 | J8: Đúng | K8: 1 | L8: 1
A9: 1 | B9: RUN_0409_1150_CFG | C9: Tính năng đăng nhập | D9: Graph-based (CFG) | E9: 7490 | F9: 12231 | G9: 951 | H9: 0.0049627792 | I9: 6 | J9: Đúng | K9: 1 | L9: 1
A10: 2 | B10: RUN_0409_1150_CFG | C10: Tính năng đăng nhập | D10: Graph-based (CFG) | E10: 7490 | F10: 12231 | G10: 951 | H10: 0.0024813896 | I10: 3 | J10: Đúng | K10: 1 | L10: 1
A11: 3 | B11: RUN_0409_1150_CFG | C11: Tính năng đăng nhập | D11: Graph-based (CFG) | E11: 7490 | F11: 12231 | G11: 951 | H11: 0.0049627792 | I11: 6 | J11: Đúng | K11: 1 | L11: 1
A12: 4 | B12: RUN_0409_1150_CFG | C12: Tính năng đăng nhập | D12: Graph-based (CFG) | E12: 7490 | F12: 12231 | G12: 951 | H12: 0.0041356493 | I12: 5 | J12: Đúng | K12: 1 | L12: 1
A13: 5 | B13: RUN_0409_1150_CFG | C13: Tính năng đăng nhập | D13: Graph-based (CFG) | E13: 7490 | F13: 12231 | G13: 951 | H13: 0.0041356493 | I13: 5 | J13: Đúng | K13: 1 | L13: 1
A14: 1 | B14: RUN_0409_1201_TRAD | C14: Quản lý Đặt lịch hẹn | D14: Traditional | E14: 6021 | F14: 19306 | G14: 1014 | H14: 0.005789909 | I14: 7 | J14: Đúng | K14: 1 | L14: 1
A15: 2 | B15: RUN_0409_1201_TRAD | C15: Quản lý Đặt lịch hẹn | D15: Traditional | E15: 6021 | F15: 19306 | G15: 1014 | H15: 0.005789909 | I15: 7 | J15: Đúng | K15: 1 | L15: 1
... A33: 5 | B33: RUN_0409_1230_CFG | C33: Quản lý Chat | D33: Graph-based (CFG) | E33: 5743 | F33: 3915 | G33: 756 | H33: 0.0041356493 | I33: 5 | J33: Đúng | K33: 1 | L33: 1

Sheet Chi tiết Câu hỏi
A3: RUN_ID | B3: Phương Pháp | C3: STT Câu | D3: Nội dung câu hỏi
A4: RUN_0409_1150_TRAD | B4: Traditional | C4: 1 | D4: Nếu một người dùng đã bị hệ thống khóa tài khoản cố gắng thực hiện đăng nhập, hệ thống sẽ xử lý như thế nào để đảm bảo tính bảo mật và ngăn chặn truy cập trái phép?
A5: RUN_0409_1150_TRAD | B5: Traditional | C5: 2 | D5: Trong quy trình đăng ký tài khoản mới, nếu người dùng cung cấp thông tin trùng lặp với một tài khoản đã bị khóa trước đó, hệ thống sẽ xử lý tình huống này ra sao?
A6: RUN_0409_1150_TRAD | B6: Traditional | C6: 3 | D6: Khi người dùng thực hiện yêu cầu cấp lại mật khẩu, hệ thống cần thực hiện những bước kiểm tra nào đối với tài khoản trước khi cho phép cập nhật mật khẩu mới?
A7: RUN_0409_1150_TRAD | B7: Traditional | C7: 4 | D7: Trong trường hợp người dùng thực hiện đăng xuất, hệ thống cần thực hiện những hành động gì đối với các phiên làm việc hiện tại để đảm bảo an toàn?
A8: RUN_0409_1150_TRAD | B8: Traditional | C8: 5 | D8: Khi một phiên làm việc hết hạn và người dùng thực hiện làm mới quyền truy cập, hệ thống sẽ thực hiện các bước kiểm tra nào để đảm bảo phiên làm việc mới là an toàn?
A9: RUN_0409_1150_CFG | B9: Graph-based (CFG) | C9: 1 | D9: Khi một người dùng thực hiện đăng ký tài khoản mới, hệ thống cần kiểm tra tính duy nhất của thông tin liên lạc. Nếu người dùng nhập một địa chỉ thư điện tử đã tồn tại trong hệ thống, quy trình xử lý sẽ phản ứng như thế nào để đảm bảo tính toàn vẹn dữ liệu?
A10: RUN_0409_1150_CFG | B10: Graph-based (CFG) | C10: 2 | D10: Trong tình huống người dùng quên mật khẩu và yêu cầu đặt lại, hệ thống yêu cầu xác thực mã dùng một lần (OTP). Nếu mã này không hợp lệ hoặc đã hết hạn, hệ thống sẽ xử lý bước tiếp theo như thế nào để bảo mật tài khoản?
A11: RUN_0409_1150_CFG | B11: Graph-based (CFG) | C11: 3 | D11: Khi một nhân viên đăng nhập thành công vào hệ thống, các phiên làm việc cũ của nhân viên đó cần được xử lý như thế nào để đảm bảo an toàn và tránh tình trạng nhiều thiết bị truy cập cùng lúc?
A12: RUN_0409_1150_CFG | B12: Graph-based (CFG) | C12: 4 | D12: Nếu một người dùng cố gắng yêu cầu gửi mã xác thực (OTP) nhưng tài khoản của họ đã bị hệ thống khóa (banned), hệ thống sẽ xử lý yêu cầu này ra sao để tuân thủ quy tắc quản trị?
A13: RUN_0409_1150_CFG | B13: Graph-based (CFG) | C13: 5 | D13: Khi người dùng thực hiện đăng xuất khỏi hệ thống, quy trình xử lý cần thực hiện hành động gì đối với khóa làm mới (refresh token) để đảm bảo khóa đó không thể bị lợi dụng trong tương lai?
A14: RUN_0409_1201_TRAD | B14: Traditional | C14: 1 | D14: Nếu một người dùng cố tình gửi nhiều yêu cầu đặt lịch hẹn trong cùng một ngày, hệ thống sẽ ngăn chặn hành vi này như thế nào để đảm bảo không vượt quá giới hạn cho phép của trung tâm?
A15: RUN_0409_1201_TRAD | B15: Traditional | C15: 2 | D15: Khi một người dùng thực hiện xác nhận lịch hẹn thông qua đường dẫn gửi qua email, quy trình nghiệp vụ cần thực hiện những bước kiểm tra và cập nhật nào để đảm bảo tính toàn vẹn của trạng thái lịch hẹn?
... A33: RUN_0409_1230_CFG | B33: Graph-based (CFG) | C33: 5 | D33: Để xác thực thông tin nhân viên tham gia vào phiên tư vấn, hệ thống thực hiện truy xuất thông tin dựa trên định danh tài khoản như thế nào?
